stem,source
span,vdm
etra,vdm
ziX,vdm
0un,vdm
Sacni,vdm
cil0,vdm
Spure,vdm
me0lum,vdm
ena,vdm
e0rse,vdm
tin,vdm
tiur,vdm
avil,vdm
Xi,vdm
put,vdm
tul,vdm
0ans,vdm
ha0r,vdm
repin,vdm
su0,vdm
raX,vdm
eca,vdm
zer,vdm
lec,vdm
in,vdm
zec,vdm
faS,vdm
hems,vdm
SvelstreS,vdm
sve,vdm
an,vdm
nun0en,vdm
Sren,vdm
ta,vdm
faSe,vdm
zarf,vdm
zuSla,vdm
far0an,vdm
ais,vdm
Seu,vdm
tura,vdm
mula,vdm
puru0a,vdm
hur,vdm
epris,vdm
hilar,vdm
acil,vdm
mac,vdm
cav,vdm
vinum,vdm
husl,vdm
laeti,vdm
cluc0ra,vdm
fler,vdm
etnam,vdm
tesan,vdm
celuca,vdm
trin,vdm
0ez,vdm
